season,date,team_1,team_2,score_1,score_2,location
1982,"Fri, Oct 30, 1981",Golden State Warriors,Denver Nuggets,121,134,
1982,"Fri, Oct 30, 1981",Dallas Mavericks,Utah Jazz,89,105,
1982,"Fri, Oct 30, 1981",Phoenix Suns,Portland Trail Blazers,95,103,
1982,"Fri, Oct 30, 1981",Cleveland Cavaliers,Philadelphia 76ers,104,128,
1982,"Fri, Oct 30, 1981",New York Knicks,New Jersey Nets,103,99,
1982,"Fri, Oct 30, 1981",Houston Rockets,Los Angeles Lakers,113,112,
1982,"Fri, Oct 30, 1981",San Antonio Spurs,Kansas City Kings,113,102,
1982,"Fri, Oct 30, 1981",Chicago Bulls,Indiana Pacers,94,96,
1982,"Fri, Oct 30, 1981",Milwaukee Bucks,Detroit Pistons,113,118,
1982,"Fri, Oct 30, 1981",Washington Bullets,Boston Celtics,100,124,
1982,"Sat, Oct 31, 1981",Philadelphia 76ers,Atlanta Hawks,108,106,
1982,"Sat, Oct 31, 1981",Detroit Pistons,Chicago Bulls,119,106,
1982,"Sat, Oct 31, 1981",Kansas City Kings,Dallas Mavericks,89,95,
1982,"Sat, Oct 31, 1981",Utah Jazz,Golden State Warriors,91,106,
1982,"Sat, Oct 31, 1981",Boston Celtics,Milwaukee Bucks,103,119,
1982,"Sat, Oct 31, 1981",Indiana Pacers,New York Knicks,106,99,
1982,"Sat, Oct 31, 1981",Denver Nuggets,San Antonio Spurs,120,145,
1982,"Sat, Oct 31, 1981",Houston Rockets,San Diego Clippers,110,125,
1982,"Sat, Oct 31, 1981",Phoenix Suns,Seattle SuperSonics,84,94,
1984,"Fri, Oct 28, 1983",Utah Jazz,Denver Nuggets,125,139,
1984,"Fri, Oct 28, 1983",Boston Celtics,Detroit Pistons,121,127,
1984,"Fri, Oct 28, 1983",Los Angeles Lakers,Kansas City Kings,117,107,
1984,"Fri, Oct 28, 1983",Indiana Pacers,Milwaukee Bucks,83,104,
1984,"Fri, Oct 28, 1983",Atlanta Hawks,New Jersey Nets,108,126,
1984,"Fri, Oct 28, 1983",Washington Bullets,Philadelphia 76ers,114,117,
1984,"Fri, Oct 28, 1983",San Diego Clippers,Portland Trail Blazers,93,107,
1984,"Fri, Oct 28, 1983",Golden State Warriors,Seattle SuperSonics,110,109,
1984,"Fri, Oct 28, 1983",New York Knicks,Cleveland Cavaliers,113,106,
1984,"Sat, Oct 29, 1983",New Jersey Nets,Chicago Bulls,97,104,
1984,"Sat, Oct 29, 1983",Los Angeles Lakers,Utah Jazz,120,115,
1984,"Sat, Oct 29, 1983",Denver Nuggets,San Diego Clippers,128,141,
1984,"Sat, Oct 29, 1983",Washington Bullets,New York Knicks,97,100,
1984,"Sat, Oct 29, 1983",Philadelphia 76ers,Indiana Pacers,124,112,
1984,"Sat, Oct 29, 1983",San Antonio Spurs,Houston Rockets,100,106,
1984,"Sat, Oct 29, 1983",Portland Trail Blazers,Golden State Warriors,95,97,
1984,"Sat, Oct 29, 1983",Phoenix Suns,Dallas Mavericks,103,120,
1984,"Sat, Oct 29, 1983",Boston Celtics,Cleveland Cavaliers,108,89,
1984,"Sat, Oct 29, 1983",Detroit Pistons,Atlanta Hawks,115,117,
1984,"Sun, Oct 30, 1983",Seattle SuperSonics,Kansas City Kings,121,116,
1984,"Sun, Oct 30, 1983",Dallas Mavericks,San Antonio Spurs,101,123,
1987,"Fri, Oct 31, 1986",Washington Bullets,Boston Celtics,102,120,
1987,"Fri, Oct 31, 1986",Utah Jazz,Dallas Mavericks,77,103,
1987,"Fri, Oct 31, 1986",San Antonio Spurs,Denver Nuggets,104,134,
1987,"Fri, Oct 31, 1986",Milwaukee Bucks,Detroit Pistons,120,104,
1987,"Fri, Oct 31, 1986",Indiana Pacers,Philadelphia 76ers,104,108,
1987,"Fri, Oct 31, 1986",Golden State Warriors,Phoenix Suns,123,127,
1987,"Fri, Oct 31, 1986",Seattle SuperSonics,Portland Trail Blazers,127,110,
1987,"Fri, Oct 31, 1986",Los Angeles Clippers,Sacramento Kings,106,107,
1987,"Fri, Oct 31, 1986",New York Knicks,New Jersey Nets,97,108,
1994,"Fri, Nov 5, 1993",Indiana Pacers,Atlanta Hawks,110,116,
1994,"Fri, Nov 5, 1993",New York Knicks,Boston Celtics,111,108,
1994,"Fri, Nov 5, 1993",Chicago Bulls,Charlotte Hornets,124,123,
1994,"Fri, Nov 5, 1993",Milwaukee Bucks,Cleveland Cavaliers,94,91,
1994,"Fri, Nov 5, 1993",Minnesota Timberwolves,Detroit Pistons,99,104,
1994,"Fri, Nov 5, 1993",New Jersey Nets,Houston Rockets,88,110,
1994,"Fri, Nov 5, 1993",Portland Trail Blazers,Los Angeles Clippers,95,97,
1994,"Fri, Nov 5, 1993",Phoenix Suns,Los Angeles Lakers,108,116,
1994,"Fri, Nov 5, 1993",Orlando Magic,Miami Heat,116,96,
1994,"Fri, Nov 5, 1993",Washington Bullets,Philadelphia 76ers,82,94,
1994,"Fri, Nov 5, 1993",Denver Nuggets,Sacramento Kings,100,109,
1994,"Fri, Nov 5, 1993",Golden State Warriors,San Antonio Spurs,85,91,
1994,"Fri, Nov 5, 1993",Dallas Mavericks,Utah Jazz,86,102,
1994,"Sat, Nov 6, 1993",Miami Heat,Chicago Bulls,95,71,
1994,"Sat, Nov 6, 1993",Golden State Warriors,Dallas Mavericks,93,89,
1994,"Sat, Nov 6, 1993",Detroit Pistons,Indiana Pacers,113,107,
1994,"Sat, Nov 6, 1993",Charlotte Hornets,Milwaukee Bucks,120,103,
1994,"Sat, Nov 6, 1993",Utah Jazz,Minnesota Timberwolves,105,95,
1994,"Sat, Nov 6, 1993",Philadelphia 76ers,Orlando Magic,89,114,
1994,"Sat, Nov 6, 1993",Los Angeles Lakers,Seattle SuperSonics,101,129,
1994,"Sat, Nov 6, 1993",Boston Celtics,Washington Bullets,100,88,
1994,"Sun, Nov 7, 1993",New York Knicks,Cleveland Cavaliers,115,107,
1994,"Sun, Nov 7, 1993",Los Angeles Clippers,Denver Nuggets,97,99,
1994,"Sun, Nov 7, 1993",Sacramento Kings,Phoenix Suns,110,132,
1994,"Sun, Nov 7, 1993",Houston Rockets,Portland Trail Blazers,106,92,
1994,"Sun, Nov 7, 1993",New Jersey Nets,San Antonio Spurs,99,73,
1994,"Mon, Nov 8, 1993",Milwaukee Bucks,Boston Celtics,100,108,
1994,"Mon, Nov 8, 1993",Atlanta Hawks,Chicago Bulls,80,106,
1994,"Mon, Nov 8, 1993",Seattle SuperSonics,Utah Jazz,101,100,
1994,"Tue, Nov 9, 1993",Charlotte Hornets,Cleveland Cavaliers,108,113,
1994,"Tue, Nov 9, 1993",New Jersey Nets,Dallas Mavericks,86,80,
1994,"Tue, Nov 9, 1993",Washington Bullets,Detroit Pistons,118,112,
1994,"Tue, Nov 9, 1993",Houston Rockets,Golden State Warriors,102,93,
1994,"Tue, Nov 9, 1993",Phoenix Suns,Los Angeles Clippers,114,99,
1994,"Tue, Nov 9, 1993",Portland Trail Blazers,Los Angeles Lakers,109,102,
1994,"Tue, Nov 9, 1993",Philadelphia 76ers,New York Knicks,86,95,
1994,"Tue, Nov 9, 1993",Indiana Pacers,Orlando Magic,98,104,
1994,"Tue, Nov 9, 1993",Minnesota Timberwolves,San Antonio Spurs,95,110,
1994,"Tue, Nov 9, 1993",Denver Nuggets,Seattle SuperSonics,86,118,
1994,"Wed, Nov 10, 1993",Chicago Bulls,Milwaukee Bucks,91,90,
1994,"Wed, Nov 10, 1993",Boston Celtics,Philadelphia 76ers,91,89,
1994,"Wed, Nov 10, 1993",San Antonio Spurs,Phoenix Suns,93,101,
1994,"Wed, Nov 10, 1993",Los Angeles Lakers,Sacramento Kings,101,112,
1994,"Wed, Nov 10, 1993",Atlanta Hawks,Utah Jazz,88,91,
1994,"Wed, Nov 10, 1993",New York Knicks,Washington Bullets,92,84,
1994,"Thu, Nov 11, 1993",Orlando Magic,Charlotte Hornets,87,120,
1994,"Thu, Nov 11, 1993",Minnesota Timberwolves,Houston Rockets,99,107,
1994,"Thu, Nov 11, 1993",Detroit Pistons,Los Angeles Clippers,99,111,
1994,"Thu, Nov 11, 1993",Milwaukee Bucks,Miami Heat,103,116,
1994,"Thu, Nov 11, 1993",Indiana Pacers,New Jersey Nets,108,105,
1994,"Thu, Nov 11, 1993",Cleveland Cavaliers,Seattle SuperSonics,102,115,
1994,"Fri, Nov 12, 1993",Charlotte Hornets,Boston Celtics,110,107,
1994,"Fri, Nov 12, 1993",Cleveland Cavaliers,Golden State Warriors,102,93,
1994,"Fri, Nov 12, 1993",New York Knicks,Indiana Pacers,103,84,
1994,"Fri, Nov 12, 1993",Denver Nuggets,Los Angeles Lakers,113,84,
1994,"Fri, Nov 12, 1993",Dallas Mavericks,Minnesota Timberwolves,115,99,
1994,"Fri, Nov 12, 1993",Miami Heat,Orlando Magic,115,100,
1994,"Fri, Nov 12, 1993",Atlanta Hawks,Portland Trail Blazers,84,94,
1994,"Fri, Nov 12, 1993",San Antonio Spurs,Sacramento Kings,91,93,
1994,"Fri, Nov 12, 1993",Detroit Pistons,Utah Jazz,89,109,
1994,"Fri, Nov 12, 1993",Philadelphia 76ers,Washington Bullets,93,105,
1994,"Sat, Nov 13, 1993",Boston Celtics,Chicago Bulls,98,97,
1994,"Sat, Nov 13, 1993",Utah Jazz,Dallas Mavericks,101,100,
1994,"Sat, Nov 13, 1993",Golden State Warriors,Denver Nuggets,106,98,
1994,"Sat, Nov 13, 1993",Phoenix Suns,Houston Rockets,95,99,
1994,"Sat, Nov 13, 1993",San Antonio Spurs,Los Angeles Clippers,90,92,
1994,"Sat, Nov 13, 1993",Philadelphia 76ers,New Jersey Nets,98,97,
1994,"Sat, Nov 13, 1993",Milwaukee Bucks,New York Knicks,86,99,
1994,"Sat, Nov 13, 1993",Atlanta Hawks,Seattle SuperSonics,89,97,
1994,"Sun, Nov 14, 1993",Cleveland Cavaliers,Los Angeles Lakers,100,107,
1994,"Sun, Nov 14, 1993",Sacramento Kings,New Jersey Nets,102,132,
1994,"Sun, Nov 14, 1993",Detroit Pistons,Portland Trail Blazers,111,114,
1994,"Mon, Nov 15, 1993",Houston Rockets,Philadelphia 76ers,88,84,
1994,"Tue, Nov 16, 1993",Sacramento Kings,Atlanta Hawks,95,118,
1994,"Tue, Nov 16, 1993",New York Knicks,Dallas Mavericks,103,90,
1994,"Tue, Nov 16, 1993",San Antonio Spurs,Denver Nuggets,86,74,
1994,"Tue, Nov 16, 1993",Phoenix Suns,Golden State Warriors,116,104,
1994,"Tue, Nov 16, 1993",Charlotte Hornets,Indiana Pacers,102,93,
1994,"Tue, Nov 16, 1993",Los Angeles Clippers,Los Angeles Lakers,114,116,
1994,"Tue, Nov 16, 1993",Minnesota Timberwolves,Milwaukee Bucks,102,98,
1994,"Tue, Nov 16, 1993",Houston Rockets,New Jersey Nets,90,84,
1994,"Tue, Nov 16, 1993",Utah Jazz,Orlando Magic,96,114,
1994,"Tue, Nov 16, 1993",Cleveland Cavaliers,Portland Trail Blazers,101,96,
1994,"Tue, Nov 16, 1993",Chicago Bulls,Seattle SuperSonics,94,95,
1994,"Wed, Nov 17, 1993",New Jersey Nets,Boston Celtics,100,105,
1994,"Wed, Nov 17, 1993",Sacramento Kings,Charlotte Hornets,113,130,
1994,"Wed, Nov 17, 1993",Orlando Magic,Detroit Pistons,92,98,
1994,"Wed, Nov 17, 1993",Utah Jazz,Miami Heat,115,111,
1994,"Wed, Nov 17, 1993",Atlanta Hawks,Philadelphia 76ers,92,90,
1994,"Wed, Nov 17, 1993",New York Knicks,San Antonio Spurs,90,95,
1994,"Wed, Nov 17, 1993",Milwaukee Bucks,Washington Bullets,104,117,
1994,"Thu, Nov 18, 1993",Cleveland Cavaliers,Denver Nuggets,93,100,
1994,"Thu, Nov 18, 1993",Los Angeles Lakers,Golden State Warriors,76,103,
1994,"Thu, Nov 18, 1993",Houston Rockets,Indiana Pacers,99,83,
1994,"Thu, Nov 18, 1993",Dallas Mavericks,Los Angeles Clippers,84,88,
1994,"Thu, Nov 18, 1993",Chicago Bulls,Portland Trail Blazers,98,120,
1994,"Fri, Nov 19, 1993",Orlando Magic,Boston Celtics,106,115,
1994,"Fri, Nov 19, 1993",Washington Bullets,Charlotte Hornets,111,127,
1994,"Fri, Nov 19, 1993",San Antonio Spurs,Detroit Pistons,86,95,
1994,"Fri, Nov 19, 1993",Chicago Bulls,Los Angeles Lakers,88,86,
1994,"Fri, Nov 19, 1993",Atlanta Hawks,Miami Heat,95,92,
1994,"Fri, Nov 19, 1993",Sacramento Kings,Minnesota Timberwolves,108,113,
1994,"Fri, Nov 19, 1993",Utah Jazz,Philadelphia 76ers,115,124,
1994,"Fri, Nov 19, 1993",Portland Trail Blazers,Phoenix Suns,109,118,
1994,"Fri, Nov 19, 1993",Dallas Mavericks,Seattle SuperSonics,87,116,
1994,"Sat, Nov 20, 1993",Charlotte Hornets,Atlanta Hawks,91,96,
1994,"Sat, Nov 20, 1993",Seattle SuperSonics,Golden State Warriors,112,97,
1994,"Sat, Nov 20, 1993",Los Angeles Clippers,Houston Rockets,86,108,
1994,"Sat, Nov 20, 1993",Boston Celtics,Indiana Pacers,94,100,
1994,"Sat, Nov 20, 1993",San Antonio Spurs,Milwaukee Bucks,101,97,
1994,"Sat, Nov 20, 1993",Denver Nuggets,Minnesota Timberwolves,90,89,
1994,"Sat, Nov 20, 1993",Orlando Magic,New Jersey Nets,87,85,
1994,"Sat, Nov 20, 1993",Utah Jazz,New York Knicks,86,72,
1994,"Sat, Nov 20, 1993",Cleveland Cavaliers,Phoenix Suns,96,112,
1994,"Sat, Nov 20, 1993",Miami Heat,Washington Bullets,102,104,
1994,"Sun, Nov 21, 1993",Philadelphia 76ers,Detroit Pistons,89,103,
1994,"Sun, Nov 21, 1993",Los Angeles Lakers,New Jersey Nets,102,105,
1994,"Sun, Nov 21, 1993",Dallas Mavericks,Portland Trail Blazers,90,103,
1994,"Sun, Nov 21, 1993",Chicago Bulls,Sacramento Kings,101,103,
1994,"Mon, Nov 22, 1993",Indiana Pacers,Boston Celtics,102,71,
1994,"Mon, Nov 22, 1993",Miami Heat,New York Knicks,87,119,
1994,"Mon, Nov 22, 1993",Los Angeles Clippers,San Antonio Spurs,98,110,
1994,"Tue, Nov 23, 1993",Los Angeles Lakers,Atlanta Hawks,94,103,
1994,"Tue, Nov 23, 1993",Los Angeles Clippers,Dallas Mavericks,105,98,
1994,"Tue, Nov 23, 1993",Chicago Bulls,Houston Rockets,93,100,
1994,"Tue, Nov 23, 1993",Golden State Warriors,Orlando Magic,107,120,
1994,"Tue, Nov 23, 1993",Denver Nuggets,Portland Trail Blazers,94,109,
1994,"Tue, Nov 23, 1993",Charlotte Hornets,Washington Bullets,98,118,
1994,"Wed, Nov 24, 1993",Los Angeles Lakers,Charlotte Hornets,124,141,
1994,"Wed, Nov 24, 1993",Washington Bullets,Cleveland Cavaliers,107,113,
1994,"Wed, Nov 24, 1993",Boston Celtics,Detroit Pistons,118,103,
1994,"Wed, Nov 24, 1993",Philadelphia 76ers,Indiana Pacers,108,97,
1994,"Wed, Nov 24, 1993",Golden State Warriors,Miami Heat,108,102,
1994,"Wed, Nov 24, 1993",Atlanta Hawks,Milwaukee Bucks,89,85,
1994,"Wed, Nov 24, 1993",New Jersey Nets,Minnesota Timberwolves,106,107,
1994,"Wed, Nov 24, 1993",Denver Nuggets,Phoenix Suns,97,130,
1994,"Wed, Nov 24, 1993",Seattle SuperSonics,Sacramento Kings,120,93,
1994,"Wed, Nov 24, 1993",Chicago Bulls,San Antonio Spurs,84,109,
1994,"Wed, Nov 24, 1993",Houston Rockets,Utah Jazz,95,93,
1994,"Fri, Nov 26, 1993",Washington Bullets,Atlanta Hawks,108,124,
1994,"Fri, Nov 26, 1993",Miami Heat,Boston Celtics,101,93,
1994,"Fri, Nov 26, 1993",Milwaukee Bucks,Charlotte Hornets,99,110,
1994,"Fri, Nov 26, 1993",Chicago Bulls,Dallas Mavericks,108,85,
1994,"Fri, Nov 26, 1993",Portland Trail Blazers,Denver Nuggets,101,112,
1994,"Fri, Nov 26, 1993",Los Angeles Lakers,Indiana Pacers,102,100,
1994,"Fri, Nov 26, 1993",Seattle SuperSonics,Minnesota Timberwolves,110,92,
1994,"Fri, Nov 26, 1993",Golden State Warriors,Philadelphia 76ers,100,88,
1994,"Fri, Nov 26, 1993",Houston Rockets,Sacramento Kings,92,89,
1994,"Fri, Nov 26, 1993",New Jersey Nets,Utah Jazz,97,100,
1994,"Sat, Nov 27, 1993",Philadelphia 76ers,Atlanta Hawks,79,111,
1994,"Sat, Nov 27, 1993",Seattle SuperSonics,Cleveland Cavaliers,90,101,
1994,"Sat, Nov 27, 1993",New Jersey Nets,Denver Nuggets,89,111,
1994,"Sat, Nov 27, 1993",Houston Rockets,Los Angeles Clippers,82,80,
1994,"Sat, Nov 27, 1993",Charlotte Hornets,Miami Heat,100,114,
1994,"Sat, Nov 27, 1993",Boston Celtics,Milwaukee Bucks,85,89,
1994,"Sat, Nov 27, 1993",Los Angeles Lakers,Minnesota Timberwolves,96,92,
1994,"Sat, Nov 27, 1993",Detroit Pistons,New York Knicks,85,112,
1994,"Sat, Nov 27, 1993",Utah Jazz,Phoenix Suns,98,120,
1994,"Sat, Nov 27, 1993",Dallas Mavericks,San Antonio Spurs,80,104,
1994,"Sat, Nov 27, 1993",Orlando Magic,Washington Bullets,110,112,
1994,"Sun, Nov 28, 1993",Golden State Warriors,Detroit Pistons,91,88,
1994,"Sun, Nov 28, 1993",Sacramento Kings,Portland Trail Blazers,109,120,
1994,"Mon, Nov 29, 1993",New Jersey Nets,Los Angeles Clippers,94,118,
1994,"Mon, Nov 29, 1993",Indiana Pacers,Sacramento Kings,105,103,
1994,"Mon, Nov 29, 1993",Milwaukee Bucks,San Antonio Spurs,95,102,
1994,"Tue, Nov 30, 1993",Boston Celtics,Atlanta Hawks,114,122,
1994,"Tue, Nov 30, 1993",Phoenix Suns,Chicago Bulls,113,132,
1994,"Tue, Nov 30, 1993",Detroit Pistons,Cleveland Cavaliers,74,92,
1994,"Tue, Nov 30, 1993",Dallas Mavericks,Golden State Warriors,91,103,
1994,"Tue, Nov 30, 1993",Milwaukee Bucks,Houston Rockets,91,102,
1994,"Tue, Nov 30, 1993",Portland Trail Blazers,Miami Heat,123,109,
1994,"Tue, Nov 30, 1993",Seattle SuperSonics,Philadelphia 76ers,92,80,
1994,"Tue, Nov 30, 1993",Denver Nuggets,Utah Jazz,92,103,
1996,"Fri, Nov 3, 1995",Indiana Pacers,Atlanta Hawks,111,106,
1996,"Fri, Nov 3, 1995",Milwaukee Bucks,Boston Celtics,101,100,
1996,"Fri, Nov 3, 1995",Charlotte Hornets,Chicago Bulls,91,105,
1996,"Fri, Nov 3, 1995",New York Knicks,Detroit Pistons,106,100,
1996,"Fri, Nov 3, 1995",Golden State Warriors,Houston Rockets,92,110,
1996,"Fri, Nov 3, 1995",Phoenix Suns,Los Angeles Clippers,106,112,
1996,"Fri, Nov 3, 1995",Denver Nuggets,Los Angeles Lakers,96,98,
1996,"Fri, Nov 3, 1995",Cleveland Cavaliers,Orlando Magic,88,99,
1996,"Fri, Nov 3, 1995",Washington Bullets,Philadelphia 76ers,103,105,
1996,"Fri, Nov 3, 1995",Vancouver Grizzlies,Portland Trail Blazers,92,80,
1996,"Fri, Nov 3, 1995",Minnesota Timberwolves,Sacramento Kings,86,95,
1996,"Fri, Nov 3, 1995",Dallas Mavericks,San Antonio Spurs,103,97,
1996,"Fri, Nov 3, 1995",New Jersey Nets,Toronto Raptors,79,94,
1996,"Fri, Nov 3, 1995",Seattle SuperSonics,Utah Jazz,94,112,
1996,"Sat, Nov 4, 1995",Orlando Magic,Atlanta Hawks,91,124,
1996,"Sat, Nov 4, 1995",Philadelphia 76ers,Charlotte Hornets,108,119,
1996,"Sat, Nov 4, 1995",Boston Celtics,Chicago Bulls,85,107,
1996,"Sat, Nov 4, 1995",Golden State Warriors,Dallas Mavericks,84,99,
1996,"Sat, Nov 4, 1995",San Antonio Spurs,Denver Nuggets,116,108,
1996,"Sat, Nov 4, 1995",Toronto Raptors,Indiana Pacers,89,97,
1996,"Sat, Nov 4, 1995",Cleveland Cavaliers,Miami Heat,71,85,
1996,"Sat, Nov 4, 1995",New York Knicks,Milwaukee Bucks,84,71,
1996,"Sat, Nov 4, 1995",Los Angeles Lakers,Seattle SuperSonics,89,103,
1996,"Sat, Nov 4, 1995",Detroit Pistons,Washington Bullets,89,100,
1996,"Sun, Nov 5, 1995",Houston Rockets,Phoenix Suns,106,104,
1996,"Sun, Nov 5, 1995",Utah Jazz,Portland Trail Blazers,105,109,
1996,"Sun, Nov 5, 1995",Los Angeles Clippers,Sacramento Kings,82,99,
1996,"Sun, Nov 5, 1995",Minnesota Timberwolves,Vancouver Grizzlies,98,100,
1996,"Mon, Nov 6, 1995",Washington Bullets,Orlando Magic,95,105,
1996,"Mon, Nov 6, 1995",Atlanta Hawks,Utah Jazz,96,105,
1996,"Tue, Nov 7, 1995",Detroit Pistons,Charlotte Hornets,96,108,
1996,"Tue, Nov 7, 1995",Toronto Raptors,Chicago Bulls,108,117,
1996,"Tue, Nov 7, 1995",Indiana Pacers,Cleveland Cavaliers,104,101,
1996,"Tue, Nov 7, 1995",Vancouver Grizzlies,Dallas Mavericks,88,99,
1996,"Tue, Nov 7, 1995",Denver Nuggets,Golden State Warriors,93,98,
1996,"Tue, Nov 7, 1995",Milwaukee Bucks,Houston Rockets,89,106,
1996,"Tue, Nov 7, 1995",Los Angeles Lakers,Minnesota Timberwolves,92,93,
1996,"Tue, Nov 7, 1995",Portland Trail Blazers,New Jersey Nets,84,104,
1996,"Tue, Nov 7, 1995",Phoenix Suns,New York Knicks,102,94,
1996,"Tue, Nov 7, 1995",Sacramento Kings,Philadelphia 76ers,109,106,
1996,"Tue, Nov 7, 1995",Los Angeles Clippers,Seattle SuperSonics,108,127,
1996,"Wed, Nov 8, 1995",Phoenix Suns,Boston Celtics,109,113,
1996,"Wed, Nov 8, 1995",Seattle SuperSonics,Denver Nuggets,122,117,
1996,"Wed, Nov 8, 1995",Portland Trail Blazers,Detroit Pistons,100,107,
1996,"Wed, Nov 8, 1995",Atlanta Hawks,Los Angeles Clippers,100,92,
1996,"Wed, Nov 8, 1995",Houston Rockets,Miami Heat,82,89,
1996,"Wed, Nov 8, 1995",New Jersey Nets,Orlando Magic,122,130,
1996,"Wed, Nov 8, 1995",Vancouver Grizzlies,San Antonio Spurs,62,111,
1996,"Wed, Nov 8, 1995",Sacramento Kings,Toronto Raptors,109,90,
1996,"Wed, Nov 8, 1995",Los Angeles Lakers,Utah Jazz,98,108,
1996,"Wed, Nov 8, 1995",Charlotte Hornets,Washington Bullets,96,110,
1996,"Thu, Nov 9, 1995",Chicago Bulls,Cleveland Cavaliers,106,88,
1996,"Thu, Nov 9, 1995",Milwaukee Bucks,Dallas Mavericks,94,104,
1996,"Thu, Nov 9, 1995",Atlanta Hawks,Golden State Warriors,125,121,
1996,"Thu, Nov 9, 1995",Indiana Pacers,New York Knicks,95,103,
1996,"Fri, Nov 10, 1995",Orlando Magic,Boston Celtics,110,94,
1996,"Fri, Nov 10, 1995",Cleveland Cavaliers,Detroit Pistons,80,100,
1996,"Fri, Nov 10, 1995",Sacramento Kings,Indiana Pacers,119,95,
1996,"Fri, Nov 10, 1995",Seattle SuperSonics,Los Angeles Lakers,97,100,
1996,"Fri, Nov 10, 1995",New Jersey Nets,Miami Heat,80,106,
1996,"Fri, Nov 10, 1995",Portland Trail Blazers,Minnesota Timberwolves,108,102,
1996,"Fri, Nov 10, 1995",Charlotte Hornets,Philadelphia 76ers,90,104,
1996,"Fri, Nov 10, 1995",Milwaukee Bucks,San Antonio Spurs,90,104,
1996,"Fri, Nov 10, 1995",Phoenix Suns,Toronto Raptors,112,108,
1996,"Fri, Nov 10, 1995",Denver Nuggets,Utah Jazz,86,109,
1996,"Fri, Nov 10, 1995",Los Angeles Clippers,Vancouver Grizzlies,98,91,
1996,"Fri, Nov 10, 1995",New York Knicks,Washington Bullets,110,109,
1996,"Sat, Nov 11, 1995",Toronto Raptors,Charlotte Hornets,117,123,
1996,"Sat, Nov 11, 1995",Portland Trail Blazers,Chicago Bulls,106,110,
1996,"Sat, Nov 11, 1995",Atlanta Hawks,Dallas Mavericks,113,100,
1996,"Sat, Nov 11, 1995",Los Angeles Lakers,Golden State Warriors,105,123,
1996,"Sat, Nov 11, 1995",Minnesota Timberwolves,Houston Rockets,97,119,
1996,"Sat, Nov 11, 1995",Sacramento Kings,New Jersey Nets,84,86,
1996,"Sat, Nov 11, 1995",Miami Heat,Orlando Magic,93,94,
1996,"Sat, Nov 11, 1995",Vancouver Grizzlies,Seattle SuperSonics,81,117,
1996,"Sun, Nov 12, 1995",San Antonio Spurs,Cleveland Cavaliers,84,81,
1996,"Sun, Nov 12, 1995",Denver Nuggets,Los Angeles Clippers,103,108,
1996,"Sun, Nov 12, 1995",Utah Jazz,New York Knicks,110,120,
1996,"Sun, Nov 12, 1995",Golden State Warriors,Phoenix Suns,109,112,
1996,"Mon, Nov 13, 1995",Utah Jazz,Toronto Raptors,103,100,
1996,"Mon, Nov 13, 1995",Dallas Mavericks,Vancouver Grizzlies,94,89,
1996,"Tue, Nov 14, 1995",Charlotte Hornets,Atlanta Hawks,104,111,
1996,"Tue, Nov 14, 1995",Los Angeles Clippers,Golden State Warriors,118,106,
1996,"Tue, Nov 14, 1995",San Antonio Spurs,Milwaukee Bucks,84,98,
1996,"Tue, Nov 14, 1995",Chicago Bulls,Orlando Magic,88,94,
1996,"Tue, Nov 14, 1995",Seattle SuperSonics,Philadelphia 76ers,115,107,
1996,"Tue, Nov 14, 1995",New York Knicks,Portland Trail Blazers,99,105,
1996,"Tue, Nov 14, 1995",Los Angeles Lakers,Sacramento Kings,106,100,
1996,"Wed, Nov 15, 1995",Utah Jazz,Boston Celtics,102,90,
1996,"Wed, Nov 15, 1995",Cleveland Cavaliers,Chicago Bulls,94,113,
1996,"Wed, Nov 15, 1995",Seattle SuperSonics,Detroit Pistons,87,94,
1996,"Wed, Nov 15, 1995",Dallas Mavericks,Los Angeles Lakers,97,114,
1996,"Wed, Nov 15, 1995",Indiana Pacers,Miami Heat,103,97,
1996,"Wed, Nov 15, 1995",San Antonio Spurs,Minnesota Timberwolves,105,96,
1996,"Wed, Nov 15, 1995",Charlotte Hornets,New Jersey Nets,79,90,
1996,"Wed, Nov 15, 1995",Denver Nuggets,Phoenix Suns,137,127,
1996,"Wed, Nov 15, 1995",Houston Rockets,Toronto Raptors,96,93,
1996,"Wed, Nov 15, 1995",Philadelphia 76ers,Washington Bullets,95,127,
1996,"Thu, Nov 16, 1995",New York Knicks,Golden State Warriors,120,97,
1996,"Thu, Nov 16, 1995",Vancouver Grizzlies,Los Angeles Clippers,98,103,
1996,"Thu, Nov 16, 1995",Houston Rockets,Milwaukee Bucks,115,87,
1996,"Thu, Nov 16, 1995",Indiana Pacers,Orlando Magic,80,89,
1996,"Thu, Nov 16, 1995",Sacramento Kings,Portland Trail Blazers,105,102,
1996,"Fri, Nov 17, 1995",Miami Heat,Atlanta Hawks,91,88,
1996,"Fri, Nov 17, 1995",Washington Bullets,Boston Celtics,100,110,
1996,"Fri, Nov 17, 1995",Seattle SuperSonics,Charlotte Hornets,98,96,
1996,"Fri, Nov 17, 1995",New Jersey Nets,Chicago Bulls,94,109,
1996,"Fri, Nov 17, 1995",New York Knicks,Denver Nuggets,103,94,
1996,"Fri, Nov 17, 1995",Utah Jazz,Detroit Pistons,86,81,
1996,"Fri, Nov 17, 1995",Dallas Mavericks,Los Angeles Clippers,90,101,
1996,"Fri, Nov 17, 1995",Cleveland Cavaliers,Philadelphia 76ers,114,82,
1996,"Fri, Nov 17, 1995",Phoenix Suns,Sacramento Kings,96,105,
1996,"Fri, Nov 17, 1995",Minnesota Timberwolves,Toronto Raptors,96,114,
1996,"Fri, Nov 17, 1995",Los Angeles Lakers,Vancouver Grizzlies,114,91,
1996,"Sat, Nov 18, 1995",Detroit Pistons,Cleveland Cavaliers,90,93,
1996,"Sat, Nov 18, 1995",Dallas Mavericks,Golden State Warriors,108,121,
1996,"Sat, Nov 18, 1995",Denver Nuggets,Houston Rockets,97,101,
1996,"Sat, Nov 18, 1995",Seattle SuperSonics,Indiana Pacers,104,118,
1996,"Sat, Nov 18, 1995",Orlando Magic,Miami Heat,90,93,
1996,"Sat, Nov 18, 1995",Boston Celtics,Milwaukee Bucks,99,93,
1996,"Sat, Nov 18, 1995",Utah Jazz,Minnesota Timberwolves,126,102,
1996,"Sat, Nov 18, 1995",Philadelphia 76ers,New Jersey Nets,79,95,
1996,"Sat, Nov 18, 1995",Portland Trail Blazers,Phoenix Suns,102,107,
1996,"Sat, Nov 18, 1995",Charlotte Hornets,San Antonio Spurs,107,109,
1996,"Sat, Nov 18, 1995",Toronto Raptors,Washington Bullets,103,102,
1996,"Sun, Nov 19, 1995",Los Angeles Clippers,Los Angeles Lakers,88,109,
1996,"Sun, Nov 19, 1995",Vancouver Grizzlies,New York Knicks,93,98,
1996,"Sun, Nov 19, 1995",Atlanta Hawks,Sacramento Kings,108,94,
1996,"Mon, Nov 20, 1995",Houston Rockets,Boston Celtics,98,93,
1996,"Mon, Nov 20, 1995",Golden State Warriors,Orlando Magic,95,101,
1996,"Mon, Nov 20, 1995",Los Angeles Clippers,Portland Trail Blazers,94,113,
1996,"Mon, Nov 20, 1995",New Jersey Nets,Utah Jazz,79,105,
1996,"Tue, Nov 21, 1995",Chicago Bulls,Dallas Mavericks,108,102,
1996,"Tue, Nov 21, 1995",Atlanta Hawks,Denver Nuggets,99,107,
1996,"Tue, Nov 21, 1995",Portland Trail Blazers,Los Angeles Lakers,109,108,
1996,"Tue, Nov 21, 1995",Seattle SuperSonics,Toronto Raptors,97,102,
1996,"Wed, Nov 22, 1995",Boston Celtics,Charlotte Hornets,129,124,
1996,"Wed, Nov 22, 1995",New York Knicks,Cleveland Cavaliers,94,84,
1996,"Wed, Nov 22, 1995",Washington Bullets,Detroit Pistons,98,97,
1996,"Wed, Nov 22, 1995",New Jersey Nets,Los Angeles Clippers,92,125,
1996,"Wed, Nov 22, 1995",Golden State Warriors,Miami Heat,93,103,
1996,"Wed, Nov 22, 1995",Toronto Raptors,Milwaukee Bucks,86,96,
1996,"Wed, Nov 22, 1995",Seattle SuperSonics,Minnesota Timberwolves,106,97,
1996,"Wed, Nov 22, 1995",Vancouver Grizzlies,Orlando Magic,93,95,
1996,"Wed, Nov 22, 1995",Houston Rockets,Philadelphia 76ers,115,106,
1996,"Wed, Nov 22, 1995",Atlanta Hawks,Phoenix Suns,112,117,
1996,"Wed, Nov 22, 1995",Chicago Bulls,San Antonio Spurs,103,94,
1996,"Wed, Nov 22, 1995",Sacramento Kings,Utah Jazz,95,116,
1996,"Thu, Nov 23, 1995",Houston Rockets,Indiana Pacers,115,108,
1996,"Fri, Nov 24, 1995",Golden State Warriors,Boston Celtics,101,94,
1996,"Fri, Nov 24, 1995",Vancouver Grizzlies,Charlotte Hornets,104,116,
1996,"Fri, Nov 24, 1995",Denver Nuggets,Dallas Mavericks,112,109,
1996,"Fri, Nov 24, 1995",Philadelphia 76ers,Detroit Pistons,78,101,
1996,"Fri, Nov 24, 1995",Cleveland Cavaliers,Indiana Pacers,100,93,
1996,"Fri, Nov 24, 1995",Sacramento Kings,Los Angeles Lakers,99,98,
1996,"Fri, Nov 24, 1995",Orlando Magic,Minnesota Timberwolves,109,98,
1996,"Fri, Nov 24, 1995",New Jersey Nets,Portland Trail Blazers,87,99,
1996,"Fri, Nov 24, 1995",San Antonio Spurs,Seattle SuperSonics,100,112,
1996,"Fri, Nov 24, 1995",Chicago Bulls,Utah Jazz,90,85,
1996,"Fri, Nov 24, 1995",Miami Heat,Washington Bullets,94,110,
1996,"Sat, Nov 25, 1995",Toronto Raptors,Atlanta Hawks,102,114,
1996,"Sat, Nov 25, 1995",Milwaukee Bucks,Cleveland Cavaliers,87,89,
1996,"Sat, Nov 25, 1995",Utah Jazz,Denver Nuggets,91,94,
1996,"Sat, Nov 25, 1995",San Antonio Spurs,Los Angeles Clippers,100,91,
1996,"Sat, Nov 25, 1995",Vancouver Grizzlies,Miami Heat,91,111,
1996,"Sat, Nov 25, 1995",Houston Rockets,New York Knicks,88,103,
1996,"Sat, Nov 25, 1995",Golden State Warriors,Philadelphia 76ers,107,89,
1996,"Sat, Nov 25, 1995",Los Angeles Lakers,Phoenix Suns,113,114,
1996,"Sat, Nov 25, 1995",Orlando Magic,Washington Bullets,114,112,
1996,"Sun, Nov 26, 1995",Charlotte Hornets,Boston Celtics,111,109,
1996,"Sun, Nov 26, 1995",Houston Rockets,Detroit Pistons,100,102,
1996,"Sun, Nov 26, 1995",Minnesota Timberwolves,Milwaukee Bucks,105,102,
1996,"Sun, Nov 26, 1995",New Jersey Nets,Sacramento Kings,92,99,
1996,"Sun, Nov 26, 1995",Chicago Bulls,Seattle SuperSonics,92,97,
1996,"Mon, Nov 27, 1995",Detroit Pistons,Orlando Magic,95,96,
1996,"Mon, Nov 27, 1995",Utah Jazz,Phoenix Suns,114,105,
1996,"Mon, Nov 27, 1995",Chicago Bulls,Portland Trail Blazers,107,104,
1996,"Mon, Nov 27, 1995",Golden State Warriors,Toronto Raptors,98,101,
1996,"Tue, Nov 28, 1995",Toronto Raptors,Cleveland Cavaliers,89,93,
1996,"Tue, Nov 28, 1995",Los Angeles Clippers,Houston Rockets,103,116,
1996,"Tue, Nov 28, 1995",Dallas Mavericks,Miami Heat,89,111,
1996,"Tue, Nov 28, 1995",Charlotte Hornets,Milwaukee Bucks,106,98,
1996,"Tue, Nov 28, 1995",Vancouver Grizzlies,Minnesota Timberwolves,98,121,
1996,"Tue, Nov 28, 1995",Washington Bullets,New Jersey Nets,84,89,
1996,"Tue, Nov 28, 1995",Atlanta Hawks,New York Knicks,102,97,
1996,"Tue, Nov 28, 1995",Denver Nuggets,Sacramento Kings,85,91,
1996,"Tue, Nov 28, 1995",Indiana Pacers,Seattle SuperSonics,102,101,
1996,"Wed, Nov 29, 1995",Philadelphia 76ers,Atlanta Hawks,81,106,
1996,"Wed, Nov 29, 1995",Detroit Pistons,Boston Celtics,96,100,
1996,"Wed, Nov 29, 1995",New York Knicks,Charlotte Hornets,105,115,
1996,"Wed, Nov 29, 1995",Portland Trail Blazers,Golden State Warriors,112,98,
1996,"Wed, Nov 29, 1995",Phoenix Suns,Los Angeles Lakers,96,107,
1996,"Wed, Nov 29, 1995",Los Angeles Clippers,San Antonio Spurs,86,105,
1996,"Thu, Nov 30, 1995",Miami Heat,Detroit Pistons,118,107,
1996,"Thu, Nov 30, 1995",Utah Jazz,Houston Rockets,112,105,
1996,"Thu, Nov 30, 1995",Dallas Mavericks,Orlando Magic,96,110,
1996,"Thu, Nov 30, 1995",Milwaukee Bucks,Portland Trail Blazers,100,99,
1996,"Thu, Nov 30, 1995",Indiana Pacers,Sacramento Kings,95,105,
1996,"Thu, Nov 30, 1995",Chicago Bulls,Vancouver Grizzlies,94,88,
1996,"Thu, Nov 30, 1995",Cleveland Cavaliers,Washington Bullets,97,85,
1998,"Fri, Oct 31, 1997",Chicago Bulls,Boston Celtics,85,92,
1998,"Fri, Oct 31, 1997",New York Knicks,Charlotte Hornets,97,85,
1998,"Fri, Oct 31, 1997",San Antonio Spurs,Denver Nuggets,107,96,
1998,"Fri, Oct 31, 1997",Washington Wizards,Detroit Pistons,79,92,
1998,"Fri, Oct 31, 1997",Cleveland Cavaliers,Houston Rockets,86,94,
1998,"Fri, Oct 31, 1997",Utah Jazz,Los Angeles Lakers,87,104,
1998,"Fri, Oct 31, 1997",Toronto Raptors,Miami Heat,101,114,
1998,"Fri, Oct 31, 1997",Golden State Warriors,Minnesota Timberwolves,113,129,
1998,"Fri, Oct 31, 1997",Indiana Pacers,New Jersey Nets,95,97,
1998,"Fri, Oct 31, 1997",Atlanta Hawks,Orlando Magic,105,99,
1998,"Fri, Oct 31, 1997",Milwaukee Bucks,Philadelphia 76ers,103,88,
1998,"Fri, Oct 31, 1997",Los Angeles Clippers,Phoenix Suns,100,110,
1998,"Fri, Oct 31, 1997",Seattle SuperSonics,Portland Trail Blazers,91,83,
1998,"Fri, Oct 31, 1997",Dallas Mavericks,Vancouver Grizzlies,90,88,
2000,"Tue, Nov 2, 1999",Orlando Magic,Charlotte Hornets,86,100,
2000,"Tue, Nov 2, 1999",Golden State Warriors,Dallas Mavericks,96,108,
2000,"Tue, Nov 2, 1999",Phoenix Suns,Denver Nuggets,102,107,
2000,"Tue, Nov 2, 1999",Milwaukee Bucks,Houston Rockets,98,93,
2000,"Tue, Nov 2, 1999",Seattle SuperSonics,Los Angeles Clippers,104,92,
2000,"Tue, Nov 2, 1999",Detroit Pistons,Miami Heat,122,128,
2000,"Tue, Nov 2, 1999",Indiana Pacers,New Jersey Nets,119,112,
2000,"Tue, Nov 2, 1999",Cleveland Cavaliers,New York Knicks,84,92,
2000,"Tue, Nov 2, 1999",Philadelphia 76ers,San Antonio Spurs,76,89,
2000,"Tue, Nov 2, 1999",Boston Celtics,Toronto Raptors,103,90,
2000,"Tue, Nov 2, 1999",Los Angeles Lakers,Utah Jazz,91,84,
2000,"Tue, Nov 2, 1999",Portland Trail Blazers,Vancouver Grizzlies,106,86,
2000,"Tue, Nov 2, 1999",Atlanta Hawks,Washington Wizards,87,94,
2000,"Wed, Nov 3, 1999",Washington Wizards,Boston Celtics,101,112,
2000,"Wed, Nov 3, 1999",New York Knicks,Chicago Bulls,84,74,
2000,"Wed, Nov 3, 1999",New Jersey Nets,Cleveland Cavaliers,90,97,
2000,"Wed, Nov 3, 1999",Vancouver Grizzlies,Los Angeles Lakers,88,103,
2000,"Wed, Nov 3, 1999",Detroit Pistons,Orlando Magic,94,103,
2000,"Wed, Nov 3, 1999",Los Angeles Clippers,Portland Trail Blazers,98,121,
2000,"Thu, Nov 4, 1999",Milwaukee Bucks,Atlanta Hawks,119,109,
2000,"Thu, Nov 4, 1999",Indiana Pacers,Charlotte Hornets,89,98,
2000,"Thu, Nov 4, 1999",Philadelphia 76ers,Phoenix Suns,80,84,
2000,"Thu, Nov 4, 1999",Golden State Warriors,San Antonio Spurs,81,104,
2000,"Thu, Nov 4, 1999",Dallas Mavericks,Seattle SuperSonics,96,106,
2000,"Thu, Nov 4, 1999",Miami Heat,Toronto Raptors,86,97,
2000,"Thu, Nov 4, 1999",Houston Rockets,Utah Jazz,82,98,
2000,"Fri, Nov 5, 1999",Charlotte Hornets,Boston Celtics,100,103,
2000,"Fri, Nov 5, 1999",Miami Heat,Chicago Bulls,105,87,
2000,"Fri, Nov 5, 1999",New York Knicks,Detroit Pistons,103,91,
2000,"Fri, Nov 5, 1999",San Antonio Spurs,Houston Rockets,95,85,
2000,"Fri, Nov 5, 1999",Philadelphia 76ers,Los Angeles Clippers,81,91,
2000,"Fri, Nov 5, 1999",Toronto Raptors,New Jersey Nets,112,92,
2000,"Fri, Nov 5, 1999",Cleveland Cavaliers,Orlando Magic,104,99,
2000,"Fri, Nov 5, 1999",Denver Nuggets,Portland Trail Blazers,83,95,
2000,"Fri, Nov 5, 1999",Minnesota Timberwolves,Sacramento Kings,95,100,
2000,"Sat, Nov 6, 1999",Chicago Bulls,Atlanta Hawks,97,113,
2000,"Sat, Nov 6, 1999",New York Knicks,Cleveland Cavaliers,93,102,
2000,"Sat, Nov 6, 1999",Dallas Mavericks,Golden State Warriors,120,97,
2000,"Sat, Nov 6, 1999",Boston Celtics,Indiana Pacers,108,115,
2000,"Sat, Nov 6, 1999",Detroit Pistons,Milwaukee Bucks,111,121,
2000,"Sat, Nov 6, 1999",Sacramento Kings,Minnesota Timberwolves,101,114,
2000,"Sat, Nov 6, 1999",Los Angeles Lakers,Portland Trail Blazers,82,97,
2000,"Sat, Nov 6, 1999",Utah Jazz,Seattle SuperSonics,94,99,
2000,"Sat, Nov 6, 1999",Denver Nuggets,Vancouver Grizzlies,94,109,
2000,"Sat, Nov 6, 1999",Orlando Magic,Washington Wizards,107,104,
2000,"Sun, Nov 7, 1999",Dallas Mavericks,Los Angeles Lakers,97,105,
2000,"Sun, Nov 7, 1999",Washington Wizards,New Jersey Nets,87,112,
2000,"Sun, Nov 7, 1999",San Antonio Spurs,Phoenix Suns,74,77,
2000,"Sun, Nov 7, 1999",Charlotte Hornets,Toronto Raptors,99,109,
2000,"Mon, Nov 8, 1999",Atlanta Hawks,Denver Nuggets,100,115,
2000,"Mon, Nov 8, 1999",Orlando Magic,Houston Rockets,102,97,
2000,"Mon, Nov 8, 1999",Utah Jazz,Los Angeles Clippers,94,79,
2000,"Mon, Nov 8, 1999",Milwaukee Bucks,New York Knicks,101,111,
2000,"Mon, Nov 8, 1999",Seattle SuperSonics,Philadelphia 76ers,98,117,
2000,"Tue, Nov 9, 1999",Phoenix Suns,Chicago Bulls,103,80,
2000,"Tue, Nov 9, 1999",Los Angeles Lakers,Dallas Mavericks,123,101,
2000,"Tue, Nov 9, 1999",San Antonio Spurs,Golden State Warriors,118,89,
2000,"Tue, Nov 9, 1999",Indiana Pacers,Miami Heat,101,113,
2000,"Tue, Nov 9, 1999",Portland Trail Blazers,Utah Jazz,87,92,
2000,"Wed, Nov 10, 1999",Detroit Pistons,Boston Celtics,110,92,
2000,"Wed, Nov 10, 1999",Milwaukee Bucks,Charlotte Hornets,111,117,
2000,"Wed, Nov 10, 1999",Los Angeles Lakers,Houston Rockets,89,88,
2000,"Wed, Nov 10, 1999",San Antonio Spurs,Los Angeles Clippers,99,94,
2000,"Wed, Nov 10, 1999",Phoenix Suns,New Jersey Nets,104,89,
2000,"Wed, Nov 10, 1999",Philadelphia 76ers,Orlando Magic,105,110,
2000,"Wed, Nov 10, 1999",Atlanta Hawks,Vancouver Grizzlies,97,102,
2000,"Wed, Nov 10, 1999",Seattle SuperSonics,Washington Wizards,109,95,
2000,"Thu, Nov 11, 1999",Seattle SuperSonics,Cleveland Cavaliers,109,103,
2000,"Thu, Nov 11, 1999",Toronto Raptors,Detroit Pistons,123,106,
2000,"Thu, Nov 11, 1999",Orlando Magic,Indiana Pacers,101,116,
2000,"Thu, Nov 11, 1999",Dallas Mavericks,Miami Heat,105,128,
2000,"Thu, Nov 11, 1999",New York Knicks,Minnesota Timberwolves,90,93,
2000,"Fri, Nov 12, 1999",New York Knicks,Boston Celtics,74,80,
2000,"Fri, Nov 12, 1999",New Jersey Nets,Charlotte Hornets,92,96,
2000,"Fri, Nov 12, 1999",Portland Trail Blazers,Denver Nuggets,93,78,
2000,"Fri, Nov 12, 1999",Houston Rockets,Los Angeles Lakers,97,81,
2000,"Fri, Nov 12, 1999",Phoenix Suns,Milwaukee Bucks,92,107,
2000,"Fri, Nov 12, 1999",Chicago Bulls,Philadelphia 76ers,86,92,
2000,"Fri, Nov 12, 1999",Utah Jazz,Sacramento Kings,92,105,
2000,"Fri, Nov 12, 1999",Golden State Warriors,Vancouver Grizzlies,103,93,
2000,"Fri, Nov 12, 1999",Miami Heat,Washington Wizards,104,95,
2000,"Sat, Nov 13, 1999",Boston Celtics,Chicago Bulls,91,92,
2000,"Sat, Nov 13, 1999",Milwaukee Bucks,Cleveland Cavaliers,112,117,
2000,"Sat, Nov 13, 1999",Orlando Magic,Dallas Mavericks,117,125,
2000,"Sat, Nov 13, 1999",Seattle SuperSonics,Detroit Pistons,99,107,
2000,"Sat, Nov 13, 1999",Houston Rockets,Golden State Warriors,103,95,
2000,"Sat, Nov 13, 1999",Washington Wizards,Indiana Pacers,83,105,
2000,"Sat, Nov 13, 1999",Phoenix Suns,Minnesota Timberwolves,100,111,
2000,"Sat, Nov 13, 1999",Atlanta Hawks,Portland Trail Blazers,95,131,
2000,"Sat, Nov 13, 1999",Charlotte Hornets,San Antonio Spurs,79,95,
2000,"Sun, Nov 14, 1999",Atlanta Hawks,Los Angeles Lakers,88,93,
2000,"Sun, Nov 14, 1999",Miami Heat,New York Knicks,94,88,
2000,"Sun, Nov 14, 1999",Denver Nuggets,Sacramento Kings,116,126,
2000,"Sun, Nov 14, 1999",Philadelphia 76ers,Toronto Raptors,93,90,
2000,"Sun, Nov 14, 1999",Los Angeles Clippers,Vancouver Grizzlies,89,109,
2000,"Mon, Nov 15, 1999",Indiana Pacers,Houston Rockets,96,87,
2000,"Mon, Nov 15, 1999",Seattle SuperSonics,New Jersey Nets,100,92,
2000,"Mon, Nov 15, 1999",Los Angeles Lakers,Phoenix Suns,91,82,
2000,"Mon, Nov 15, 1999",San Antonio Spurs,Utah Jazz,85,91,
2000,"Tue, Nov 16, 1999",Charlotte Hornets,Atlanta Hawks,98,103,
2000,"Tue, Nov 16, 1999",Houston Rockets,Dallas Mavericks,95,114,
2000,"Tue, Nov 16, 1999",New York Knicks,Denver Nuggets,102,95,
2000,"Tue, Nov 16, 1999",Chicago Bulls,Golden State Warriors,79,99,
2000,"Tue, Nov 16, 1999",Portland Trail Blazers,Miami Heat,101,96,
2000,"Tue, Nov 16, 1999",Los Angeles Clippers,Milwaukee Bucks,93,101,
2000,"Tue, Nov 16, 1999",Vancouver Grizzlies,Sacramento Kings,77,81,
2000,"Tue, Nov 16, 1999",Indiana Pacers,San Antonio Spurs,87,90,
2000,"Tue, Nov 16, 1999",Detroit Pistons,Toronto Raptors,85,89,
2000,"Tue, Nov 16, 1999",Philadelphia 76ers,Washington Wizards,95,73,
2000,"Wed, Nov 17, 1999",Cleveland Cavaliers,Boston Celtics,103,114,
2000,"Wed, Nov 17, 1999",Dallas Mavericks,Charlotte Hornets,99,104,
2000,"Wed, Nov 17, 1999",New Jersey Nets,Detroit Pistons,107,109,
2000,"Wed, Nov 17, 1999",Los Angeles Clippers,Minnesota Timberwolves,89,85,
2000,"Wed, Nov 17, 1999",Portland Trail Blazers,Orlando Magic,81,79,
2000,"Wed, Nov 17, 1999",Miami Heat,Philadelphia 76ers,98,93,
2000,"Wed, Nov 17, 1999",Chicago Bulls,Phoenix Suns,81,105,
2000,"Wed, Nov 17, 1999",Golden State Warriors,Seattle SuperSonics,108,111,
2000,"Wed, Nov 17, 1999",New York Knicks,Utah Jazz,90,98,
2000,"Thu, Nov 18, 1999",Los Angeles Lakers,Denver Nuggets,82,93,
2000,"Thu, Nov 18, 1999",Sacramento Kings,Houston Rockets,128,110,
2000,"Thu, Nov 18, 1999",San Antonio Spurs,Milwaukee Bucks,88,99,
2000,"Thu, Nov 18, 1999",Seattle SuperSonics,Vancouver Grizzlies,110,108,
2000,"Thu, Nov 18, 1999",Toronto Raptors,Washington Wizards,81,92,
2000,"Fri, Nov 19, 1999",New Jersey Nets,Boston Celtics,96,109,
2000,"Fri, Nov 19, 1999",Sacramento Kings,Dallas Mavericks,103,94,
2000,"Fri, Nov 19, 1999",Cleveland Cavaliers,Detroit Pistons,90,101,
2000,"Fri, Nov 19, 1999",Atlanta Hawks,Indiana Pacers,105,99,
2000,"Fri, Nov 19, 1999",Chicago Bulls,Los Angeles Lakers,95,103,
2000,"Fri, Nov 19, 1999",Utah Jazz,Minnesota Timberwolves,84,89,
2000,"Fri, Nov 19, 1999",Charlotte Hornets,Orlando Magic,103,92,
2000,"Fri, Nov 19, 1999",Portland Trail Blazers,Philadelphia 76ers,97,91,
2000,"Fri, Nov 19, 1999",New York Knicks,Phoenix Suns,81,96,
2000,"Fri, Nov 19, 1999",Los Angeles Clippers,Toronto Raptors,100,106,
2000,"Sat, Nov 20, 1999",Orlando Magic,Atlanta Hawks,107,103,
2000,"Sat, Nov 20, 1999",Portland Trail Blazers,Charlotte Hornets,100,96,
2000,"Sat, Nov 20, 1999",Indiana Pacers,Cleveland Cavaliers,107,98,
2000,"Sat, Nov 20, 1999",Chicago Bulls,Denver Nuggets,86,95,
2000,"Sat, Nov 20, 1999",New York Knicks,Golden State Warriors,86,79,
2000,"Sat, Nov 20, 1999",Boston Celtics,Miami Heat,92,110,
2000,"Sat, Nov 20, 1999",Utah Jazz,Milwaukee Bucks,111,100,
2000,"Sat, Nov 20, 1999",Philadelphia 76ers,New Jersey Nets,100,96,
2000,"Sat, Nov 20, 1999",Dallas Mavericks,San Antonio Spurs,90,106,
2000,"Sat, Nov 20, 1999",Houston Rockets,Seattle SuperSonics,107,110,
2000,"Sat, Nov 20, 1999",Los Angeles Clippers,Washington Wizards,98,89,
2000,"Sun, Nov 21, 1999",Milwaukee Bucks,Detroit Pistons,94,113,
2000,"Sun, Nov 21, 1999",Toronto Raptors,Los Angeles Lakers,111,102,
2000,"Sun, Nov 21, 1999",Seattle SuperSonics,Phoenix Suns,86,99,
2000,"Sun, Nov 21, 1999",Houston Rockets,Sacramento Kings,105,110,
2000,"Sun, Nov 21, 1999",Minnesota Timberwolves,Vancouver Grizzlies,105,81,
2000,"Mon, Nov 22, 1999",Indiana Pacers,Boston Celtics,85,95,
2000,"Mon, Nov 22, 1999",San Antonio Spurs,Philadelphia 76ers,94,91,
2000,"Mon, Nov 22, 1999",Minnesota Timberwolves,Utah Jazz,93,108,
2000,"Tue, Nov 23, 1999",Miami Heat,Atlanta Hawks,106,113,
2000,"Tue, Nov 23, 1999",Portland Trail Blazers,Cleveland Cavaliers,100,103,
2000,"Tue, Nov 23, 1999",Dallas Mavericks,Houston Rockets,99,119,
2000,"Tue, Nov 23, 1999",New York Knicks,Los Angeles Clippers,95,100,
2000,"Tue, Nov 23, 1999",Toronto Raptors,Phoenix Suns,93,94,
2000,"Tue, Nov 23, 1999",New Jersey Nets,Sacramento Kings,92,105,
2000,"Tue, Nov 23, 1999",Vancouver Grizzlies,Washington Wizards,87,89,
2000,"Wed, Nov 24, 1999",San Antonio Spurs,Boston Celtics,121,98,
2000,"Wed, Nov 24, 1999",Vancouver Grizzlies,Charlotte Hornets,73,89,
2000,"Wed, Nov 24, 1999",Toronto Raptors,Denver Nuggets,84,109,
2000,"Wed, Nov 24, 1999",New Jersey Nets,Golden State Warriors,92,84,
2000,"Wed, Nov 24, 1999",Utah Jazz,Los Angeles Lakers,82,90,
2000,"Wed, Nov 24, 1999",Atlanta Hawks,Miami Heat,91,93,
2000,"Wed, Nov 24, 1999",Chicago Bulls,Milwaukee Bucks,95,102,
2000,"Wed, Nov 24, 1999",Portland Trail Blazers,Minnesota Timberwolves,88,81,
2000,"Wed, Nov 24, 1999",Dallas Mavericks,Orlando Magic,100,112,
2000,"Wed, Nov 24, 1999",Washington Wizards,Philadelphia 76ers,101,93,
2000,"Thu, Nov 25, 1999",Detroit Pistons,Indiana Pacers,107,99,
2000,"Fri, Nov 26, 1999",Milwaukee Bucks,Boston Celtics,114,112,
2000,"Fri, Nov 26, 1999",Washington Wizards,Charlotte Hornets,85,118,
2000,"Fri, Nov 26, 1999",Minnesota Timberwolves,Denver Nuggets,105,114,
2000,"Fri, Nov 26, 1999",Atlanta Hawks,Detroit Pistons,91,93,
2000,"Fri, Nov 26, 1999",Vancouver Grizzlies,Indiana Pacers,86,105,
2000,"Fri, Nov 26, 1999",New Jersey Nets,Los Angeles Lakers,80,103,
2000,"Fri, Nov 26, 1999",Cleveland Cavaliers,Philadelphia 76ers,83,106,
2000,"Fri, Nov 26, 1999",Houston Rockets,Portland Trail Blazers,88,91,
2000,"Fri, Nov 26, 1999",Golden State Warriors,Sacramento Kings,95,124,
2000,"Fri, Nov 26, 1999",Chicago Bulls,San Antonio Spurs,78,101,
2000,"Fri, Nov 26, 1999",Los Angeles Clippers,Seattle SuperSonics,93,98,
2000,"Fri, Nov 26, 1999",Toronto Raptors,Utah Jazz,100,87,
2000,"Sat, Nov 27, 1999",Boston Celtics,Atlanta Hawks,84,94,
2000,"Sat, Nov 27, 1999",Charlotte Hornets,Cleveland Cavaliers,89,106,
2000,"Sat, Nov 27, 1999",Chicago Bulls,Dallas Mavericks,83,95,
2000,"Sat, Nov 27, 1999",Toronto Raptors,Golden State Warriors,106,88,
2000,"Sat, Nov 27, 1999",Portland Trail Blazers,Los Angeles Clippers,88,71,
2000,"Sat, Nov 27, 1999",Washington Wizards,Miami Heat,86,89,
2000,"Sat, Nov 27, 1999",Philadelphia 76ers,Milwaukee Bucks,82,79,
2000,"Sat, Nov 27, 1999",Vancouver Grizzlies,Minnesota Timberwolves,82,113,
2000,"Sat, Nov 27, 1999",Orlando Magic,New York Knicks,96,99,
2000,"Sat, Nov 27, 1999",New Jersey Nets,Phoenix Suns,90,129,
2000,"Sat, Nov 27, 1999",Denver Nuggets,San Antonio Spurs,87,106,
2000,"Sun, Nov 28, 1999",Orlando Magic,Detroit Pistons,108,99,
2000,"Sun, Nov 28, 1999",Indiana Pacers,Seattle SuperSonics,91,102,
2000,"Mon, Nov 29, 1999",Sacramento Kings,Miami Heat,88,98,
2000,"Mon, Nov 29, 1999",Dallas Mavericks,New York Knicks,82,107,
2000,"Mon, Nov 29, 1999",Indiana Pacers,Portland Trail Blazers,93,91,
2000,"Mon, Nov 29, 1999",Golden State Warriors,Utah Jazz,99,115,
2000,"Mon, Nov 29, 1999",Houston Rockets,Vancouver Grizzlies,118,110,
2000,"Tue, Nov 30, 1999",Dallas Mavericks,Cleveland Cavaliers,99,106,
2000,"Tue, Nov 30, 1999",Phoenix Suns,Los Angeles Clippers,94,80,
2000,"Tue, Nov 30, 1999",Denver Nuggets,Minnesota Timberwolves,92,109,
2000,"Tue, Nov 30, 1999",Washington Wizards,New Jersey Nets,85,78,
2000,"Tue, Nov 30, 1999",Sacramento Kings,Orlando Magic,111,102,
2000,"Tue, Nov 30, 1999",New York Knicks,Philadelphia 76ers,70,74,
2000,"Tue, Nov 30, 1999",Detroit Pistons,San Antonio Spurs,87,106,
2000,"Tue, Nov 30, 1999",Los Angeles Lakers,Seattle SuperSonics,101,77,
2000,"Tue, Nov 30, 1999",Atlanta Hawks,Toronto Raptors,107,89,
2002,"Tue, Oct 30, 2001",Boston Celtics,Cleveland Cavaliers,108,89,
2002,"Tue, Oct 30, 2001",Indiana Pacers,New Jersey Nets,97,103,
2002,"Tue, Oct 30, 2001",Washington Wizards,New York Knicks,91,93,
2002,"Tue, Oct 30, 2001",Toronto Raptors,Orlando Magic,85,114,
2002,"Tue, Oct 30, 2001",Philadelphia 76ers,Minnesota Timberwolves,74,83,
2002,"Tue, Oct 30, 2001",Detroit Pistons,Dallas Mavericks,87,94,
2002,"Tue, Oct 30, 2001",Atlanta Hawks,Houston Rockets,84,89,
2002,"Tue, Oct 30, 2001",Los Angeles Clippers,San Antonio Spurs,98,109,
2002,"Tue, Oct 30, 2001",Denver Nuggets,Phoenix Suns,99,96,
2002,"Tue, Oct 30, 2001",Milwaukee Bucks,Utah Jazz,119,112,
2002,"Tue, Oct 30, 2001",Seattle SuperSonics,Sacramento Kings,95,101,
2002,"Tue, Oct 30, 2001",Portland Trail Blazers,Los Angeles Lakers,87,98,
2002,"Wed, Oct 31, 2001",New Jersey Nets,Boston Celtics,95,92,
2002,"Wed, Oct 31, 2001",Cleveland Cavaliers,Charlotte Hornets,94,100,
2002,"Wed, Oct 31, 2001",Toronto Raptors,Miami Heat,92,97,
2002,"Wed, Oct 31, 2001",Indiana Pacers,Chicago Bulls,98,73,
2002,"Wed, Oct 31, 2001",Golden State Warriors,Portland Trail Blazers,87,92,
2003,"Tue, Oct 29, 2002",Philadelphia 76ers,Orlando Magic,88,95,
2003,"Tue, Oct 29, 2002",Cleveland Cavaliers,Sacramento Kings,67,94,
2003,"Tue, Oct 29, 2002",San Antonio Spurs,Los Angeles Lakers,87,82,
2003,"Wed, Oct 30, 2002",Chicago Bulls,Boston Celtics,99,96,
2003,"Wed, Oct 30, 2002",Washington Wizards,Toronto Raptors,68,74,
2003,"Wed, Oct 30, 2002",Milwaukee Bucks,Philadelphia 76ers,93,95,
2003,"Wed, Oct 30, 2002",Houston Rockets,Indiana Pacers,82,91,
2003,"Wed, Oct 30, 2002",Atlanta Hawks,New Jersey Nets,94,105,
2003,"Wed, Oct 30, 2002",Orlando Magic,Miami Heat,100,86,
2003,"Wed, Oct 30, 2002",Denver Nuggets,Minnesota Timberwolves,77,83,
2003,"Wed, Oct 30, 2002",Dallas Mavericks,Memphis Grizzlies,119,108,
2003,"Wed, Oct 30, 2002",New York Knicks,Detroit Pistons,77,86,
2003,"Wed, Oct 30, 2002",Utah Jazz,New Orleans Hornets,75,100,
2003,"Wed, Oct 30, 2002",Los Angeles Lakers,Portland Trail Blazers,90,102,
2003,"Wed, Oct 30, 2002",Phoenix Suns,Seattle SuperSonics,73,86,
2003,"Wed, Oct 30, 2002",Cleveland Cavaliers,Los Angeles Clippers,98,96,
2003,"Wed, Oct 30, 2002",San Antonio Spurs,Golden State Warriors,98,106,
2003,"Thu, Oct 31, 2002",Utah Jazz,Atlanta Hawks,98,105,
2003,"Thu, Oct 31, 2002",Boston Celtics,Washington Wizards,69,114,
2003,"Thu, Oct 31, 2002",Portland Trail Blazers,Sacramento Kings,72,100,
2005,"Tue, Nov 2, 2004",Houston Rockets,Detroit Pistons,79,87,
2005,"Tue, Nov 2, 2004",Sacramento Kings,Dallas Mavericks,98,107,
2005,"Tue, Nov 2, 2004",Denver Nuggets,Los Angeles Lakers,78,89,
2005,"Wed, Nov 3, 2004",Indiana Pacers,Cleveland Cavaliers,109,104,
2005,"Wed, Nov 3, 2004",Milwaukee Bucks,Orlando Magic,92,93,
2005,"Wed, Nov 3, 2004",Houston Rockets,Toronto Raptors,88,95,
2005,"Wed, Nov 3, 2004",Philadelphia 76ers,Boston Celtics,98,95,
2005,"Wed, Nov 3, 2004",Washington Wizards,Memphis Grizzlies,103,91,
2005,"Wed, Nov 3, 2004",New York Knicks,Minnesota Timberwolves,93,99,
2005,"Wed, Nov 3, 2004",Miami Heat,New Jersey Nets,100,77,
2005,"Wed, Nov 3, 2004",Dallas Mavericks,New Orleans Hornets,106,91,
2005,"Wed, Nov 3, 2004",Sacramento Kings,San Antonio Spurs,85,101,
2005,"Wed, Nov 3, 2004",Atlanta Hawks,Phoenix Suns,82,112,
2005,"Wed, Nov 3, 2004",Portland Trail Blazers,Golden State Warriors,78,75,
2005,"Wed, Nov 3, 2004",Seattle SuperSonics,Los Angeles Clippers,84,114,
2005,"Wed, Nov 3, 2004",Los Angeles Lakers,Utah Jazz,78,104,
2005,"Thu, Nov 4, 2004",Washington Wizards,Charlotte Bobcats,103,96,
2005,"Thu, Nov 4, 2004",Cleveland Cavaliers,Miami Heat,86,92,
2005,"Thu, Nov 4, 2004",Minnesota Timberwolves,Denver Nuggets,92,94,
2005,"Fri, Nov 5, 2004",Phoenix Suns,Philadelphia 76ers,108,98,
2005,"Fri, Nov 5, 2004",Detroit Pistons,Toronto Raptors,89,101,
2005,"Fri, Nov 5, 2004",Indiana Pacers,Boston Celtics,100,94,
2005,"Fri, Nov 5, 2004",Houston Rockets,Memphis Grizzlies,89,81,
2005,"Fri, Nov 5, 2004",Orlando Magic,New Orleans Hornets,90,89,
2005,"Fri, Nov 5, 2004",New Jersey Nets,Chicago Bulls,111,106,
2005,"Fri, Nov 5, 2004",Los Angeles Clippers,Portland Trail Blazers,81,94,
2005,"Fri, Nov 5, 2004",Utah Jazz,Golden State Warriors,102,80,
2005,"Fri, Nov 5, 2004",San Antonio Spurs,Los Angeles Lakers,105,96,
2005,"Fri, Nov 5, 2004",Atlanta Hawks,Seattle SuperSonics,85,106,
2005,"Sat, Nov 6, 2004",Orlando Magic,Charlotte Bobcats,100,111,
2005,"Sat, Nov 6, 2004",Miami Heat,Washington Wizards,118,106,
2005,"Sat, Nov 6, 2004",Philadelphia 76ers,Detroit Pistons,91,99,
2005,"Sat, Nov 6, 2004",Boston Celtics,New York Knicks,107,73,
2005,"Sat, Nov 6, 2004",Chicago Bulls,Indiana Pacers,90,100,
2005,"Sat, Nov 6, 2004",New Orleans Hornets,Minnesota Timberwolves,92,99,
2005,"Sat, Nov 6, 2004",Phoenix Suns,New Jersey Nets,112,80,
2005,"Sat, Nov 6, 2004",Memphis Grizzlies,Dallas Mavericks,88,112,
2005,"Sat, Nov 6, 2004",Sacramento Kings,Houston Rockets,101,104,
2005,"Sat, Nov 6, 2004",Cleveland Cavaliers,Milwaukee Bucks,88,102,
2005,"Sat, Nov 6, 2004",Utah Jazz,Denver Nuggets,106,82,
2005,"Sat, Nov 6, 2004",Los Angeles Clippers,Golden State Warriors,94,86,
2005,"Sun, Nov 7, 2004",Portland Trail Blazers,Toronto Raptors,97,101,
2005,"Sun, Nov 7, 2004",San Antonio Spurs,Seattle SuperSonics,94,113,
2005,"Sun, Nov 7, 2004",Atlanta Hawks,Los Angeles Lakers,90,106,
2005,"Mon, Nov 8, 2004",Golden State Warriors,Dallas Mavericks,98,101,
2005,"Mon, Nov 8, 2004",Denver Nuggets,Utah Jazz,91,102,
2005,"Mon, Nov 8, 2004",Detroit Pistons,Los Angeles Clippers,99,96,
2005,"Tue, Nov 9, 2004",Dallas Mavericks,Orlando Magic,84,94,
2005,"Tue, Nov 9, 2004",Cleveland Cavaliers,Atlanta Hawks,93,79,
2005,"Tue, Nov 9, 2004",Washington Wizards,Miami Heat,93,103,
2005,"Tue, Nov 9, 2004",Portland Trail Blazers,New Jersey Nets,60,64,
2005,"Tue, Nov 9, 2004",Philadelphia 76ers,New York Knicks,88,96,
2005,"Tue, Nov 9, 2004",Indiana Pacers,Minnesota Timberwolves,102,101,
2005,"Tue, Nov 9, 2004",Los Angeles Lakers,New Orleans Hornets,106,98,
2005,"Tue, Nov 9, 2004",Phoenix Suns,Chicago Bulls,94,74,
2005,"Tue, Nov 9, 2004",Memphis Grizzlies,Houston Rockets,87,90,
2005,"Tue, Nov 9, 2004",Seattle SuperSonics,Denver Nuggets,108,88,
2005,"Tue, Nov 9, 2004",Toronto Raptors,Sacramento Kings,92,108,
2005,"Wed, Nov 10, 2004",Portland Trail Blazers,Boston Celtics,88,90,
2005,"Wed, Nov 10, 2004",Los Angeles Clippers,Indiana Pacers,102,68,
2005,"Wed, Nov 10, 2004",New Jersey Nets,Philadelphia 76ers,100,108,
2005,"Wed, Nov 10, 2004",Orlando Magic,Washington Wizards,96,106,
2005,"Wed, Nov 10, 2004",Phoenix Suns,Cleveland Cavaliers,109,114,
2005,"Wed, Nov 10, 2004",Los Angeles Lakers,Memphis Grizzlies,87,110,
2005,"Wed, Nov 10, 2004",Charlotte Bobcats,Milwaukee Bucks,100,102,
2005,"Wed, Nov 10, 2004",Golden State Warriors,San Antonio Spurs,71,91,
2005,"Wed, Nov 10, 2004",Toronto Raptors,Utah Jazz,104,95,
2005,"Wed, Nov 10, 2004",Sacramento Kings,Seattle SuperSonics,78,108,
2005,"Thu, Nov 11, 2004",Dallas Mavericks,Miami Heat,113,93,
2005,"Thu, Nov 11, 2004",Minnesota Timberwolves,Houston Rockets,96,91,
2005,"Thu, Nov 11, 2004",Detroit Pistons,Denver Nuggets,109,117,
2005,"Fri, Nov 12, 2004",Los Angeles Lakers,Orlando Magic,113,122,
2005,"Fri, Nov 12, 2004",Indiana Pacers,Philadelphia 76ers,104,106,
2005,"Fri, Nov 12, 2004",Charlotte Bobcats,Boston Celtics,74,91,
2005,"Fri, Nov 12, 2004",Los Angeles Clippers,New York Knicks,96,110,
2005,"Fri, Nov 12, 2004",Golden State Warriors,Memphis Grizzlies,67,96,
2005,"Fri, Nov 12, 2004",Atlanta Hawks,New Orleans Hornets,96,95,
2005,"Fri, Nov 12, 2004",Miami Heat,San Antonio Spurs,84,93,
2005,"Fri, Nov 12, 2004",Toronto Raptors,Seattle SuperSonics,87,88,
2005,"Sat, Nov 13, 2004",Washington Wizards,Cleveland Cavaliers,74,105,
2005,"Sat, Nov 13, 2004",Dallas Mavericks,New Jersey Nets,94,78,
2005,"Sat, Nov 13, 2004",San Antonio Spurs,Atlanta Hawks,103,88,
2005,"Sat, Nov 13, 2004",Golden State Warriors,Charlotte Bobcats,103,87,
2005,"Sat, Nov 13, 2004",New York Knicks,Indiana Pacers,97,103,
2005,"Sat, Nov 13, 2004",Los Angeles Clippers,Chicago Bulls,97,96,
2005,"Sat, Nov 13, 2004",Los Angeles Lakers,Houston Rockets,84,79,
2005,"Sat, Nov 13, 2004",New Orleans Hornets,Milwaukee Bucks,91,94,
2005,"Sat, Nov 13, 2004",Sacramento Kings,Phoenix Suns,113,111,
2005,"Sat, Nov 13, 2004",Detroit Pistons,Utah Jazz,93,108,
2005,"Sat, Nov 13, 2004",Toronto Raptors,Portland Trail Blazers,102,105,
2005,"Sun, Nov 14, 2004",Dallas Mavericks,Washington Wizards,122,113,
2005,"Sun, Nov 14, 2004",Orlando Magic,Philadelphia 76ers,87,96,
2005,"Sun, Nov 14, 2004",Milwaukee Bucks,Miami Heat,110,112,
2005,"Sun, Nov 14, 2004",Memphis Grizzlies,Seattle SuperSonics,113,118,
2005,"Sun, Nov 14, 2004",Denver Nuggets,Sacramento Kings,89,101,
2005,"Mon, Nov 15, 2004",Golden State Warriors,Cleveland Cavaliers,88,99,
2005,"Mon, Nov 15, 2004",Houston Rockets,New Jersey Nets,80,69,
2005,"Tue, Nov 16, 2004",Utah Jazz,Charlotte Bobcats,107,105,
2005,"Tue, Nov 16, 2004",Seattle SuperSonics,Philadelphia 76ers,103,95,
2005,"Tue, Nov 16, 2004",Houston Rockets,Atlanta Hawks,84,88,
2005,"Tue, Nov 16, 2004",Miami Heat,Minnesota Timberwolves,97,108,
2005,"Tue, Nov 16, 2004",Phoenix Suns,Dallas Mavericks,107,101,
2005,"Tue, Nov 16, 2004",New York Knicks,San Antonio Spurs,81,99,
2005,"Tue, Nov 16, 2004",Chicago Bulls,Sacramento Kings,106,113,
2005,"Tue, Nov 16, 2004",Toronto Raptors,Los Angeles Clippers,89,101,
2005,"Wed, Nov 17, 2004",Atlanta Hawks,Indiana Pacers,86,93,
2005,"Wed, Nov 17, 2004",Utah Jazz,Orlando Magic,92,107,
2005,"Wed, Nov 17, 2004",Boston Celtics,Washington Wizards,105,110,
2005,"Wed, Nov 17, 2004",Minnesota Timberwolves,Detroit Pistons,85,93,
2005,"Wed, Nov 17, 2004",Seattle SuperSonics,New Jersey Nets,79,68,
2005,"Wed, Nov 17, 2004",Phoenix Suns,New Orleans Hornets,95,84,
2005,"Wed, Nov 17, 2004",Toronto Raptors,Denver Nuggets,106,112,
2005,"Wed, Nov 17, 2004",Miami Heat,Milwaukee Bucks,113,106,
2005,"Wed, Nov 17, 2004",Memphis Grizzlies,Portland Trail Blazers,101,82,
2005,"Wed, Nov 17, 2004",Chicago Bulls,Golden State Warriors,85,98,
2005,"Wed, Nov 17, 2004",Los Angeles Clippers,Los Angeles Lakers,89,103,
2005,"Thu, Nov 18, 2004",Cleveland Cavaliers,Charlotte Bobcats,106,89,
2005,"Thu, Nov 18, 2004",San Antonio Spurs,Philadelphia 76ers,88,80,
2005,"Thu, Nov 18, 2004",New York Knicks,Houston Rockets,93,92,
2005,"Fri, Nov 19, 2004",Seattle SuperSonics,Toronto Raptors,101,94,
2005,"Fri, Nov 19, 2004",San Antonio Spurs,Boston Celtics,92,84,
2005,"Fri, Nov 19, 2004",Utah Jazz,Miami Heat,105,107,
2005,"Fri, Nov 19, 2004",Indiana Pacers,Detroit Pistons,97,82,
2005,"Fri, Nov 19, 2004",New York Knicks,Dallas Mavericks,101,103,
2005,"Fri, Nov 19, 2004",Chicago Bulls,Denver Nuggets,81,99,
2005,"Fri, Nov 19, 2004",Los Angeles Lakers,Phoenix Suns,102,107,
2005,"Fri, Nov 19, 2004",Milwaukee Bucks,Portland Trail Blazers,98,110,
2005,"Fri, Nov 19, 2004",Memphis Grizzlies,Sacramento Kings,105,107,
2005,"Sat, Nov 20, 2004",Houston Rockets,Los Angeles Clippers,91,86,
2005,"Sat, Nov 20, 2004",Utah Jazz,Atlanta Hawks,92,79,
2005,"Sat, Nov 20, 2004",Charlotte Bobcats,Cleveland Cavaliers,84,100,
2005,"Sat, Nov 20, 2004",Orlando Magic,Indiana Pacers,86,83,
2005,"Sat, Nov 20, 2004",Washington Wizards,New Jersey Nets,97,86,
2005,"Sat, Nov 20, 2004",Minnesota Timberwolves,New Orleans Hornets,99,94,
2005,"Sat, Nov 20, 2004",Memphis Grizzlies,Golden State Warriors,100,87,
2005,"Sun, Nov 21, 2004",San Antonio Spurs,Toronto Raptors,91,96,
2005,"Sun, Nov 21, 2004",Phoenix Suns,Los Angeles Clippers,122,111,
2005,"Sun, Nov 21, 2004",Seattle SuperSonics,Boston Celtics,83,102,
2005,"Sun, Nov 21, 2004",Charlotte Bobcats,Detroit Pistons,116,117,
2005,"Sun, Nov 21, 2004",Philadelphia 76ers,Miami Heat,83,93,
2005,"Sun, Nov 21, 2004",Cleveland Cavaliers,New York Knicks,88,98,
2005,"Sun, Nov 21, 2004",Houston Rockets,Portland Trail Blazers,97,93,
2005,"Sun, Nov 21, 2004",Dallas Mavericks,Denver Nuggets,82,110,
2005,"Sun, Nov 21, 2004",Milwaukee Bucks,Sacramento Kings,79,88,
2005,"Sun, Nov 21, 2004",Chicago Bulls,Los Angeles Lakers,93,102,
2005,"Mon, Nov 22, 2004",San Antonio Spurs,Memphis Grizzlies,90,93,
2005,"Mon, Nov 22, 2004",Minnesota Timberwolves,Dallas Mavericks,83,82,
2005,"Mon, Nov 22, 2004",Chicago Bulls,Phoenix Suns,82,100,
2005,"Mon, Nov 22, 2004",New Orleans Hornets,Utah Jazz,76,75,
2005,"Tue, Nov 23, 2004",Detroit Pistons,Charlotte Bobcats,89,91,
2005,"Tue, Nov 23, 2004",Boston Celtics,Indiana Pacers,96,106,
2005,"Tue, Nov 23, 2004",Toronto Raptors,Washington Wizards,86,102,
2005,"Tue, Nov 23, 2004",Portland Trail Blazers,Miami Heat,99,87,
2005,"Tue, Nov 23, 2004",Atlanta Hawks,New York Knicks,88,104,
2005,"Tue, Nov 23, 2004",Seattle SuperSonics,Minnesota Timberwolves,103,92,
2005,"Tue, Nov 23, 2004",New Jersey Nets,Denver Nuggets,88,90,
2005,"Tue, Nov 23, 2004",Houston Rockets,Sacramento Kings,96,102,
2005,"Tue, Nov 23, 2004",New Orleans Hornets,Golden State Warriors,109,115,
2005,"Tue, Nov 23, 2004",Milwaukee Bucks,Los Angeles Lakers,96,100,
2005,"Wed, Nov 24, 2004",Detroit Pistons,Cleveland Cavaliers,76,92,
2005,"Wed, Nov 24, 2004",Portland Trail Blazers,Orlando Magic,89,83,
2005,"Wed, Nov 24, 2004",Boston Celtics,Philadelphia 76ers,97,110,
2005,"Wed, Nov 24, 2004",New York Knicks,Toronto Raptors,91,114,
2005,"Wed, Nov 24, 2004",Miami Heat,Atlanta Hawks,99,93,
2005,"Wed, Nov 24, 2004",Seattle SuperSonics,Memphis Grizzlies,93,84,
2005,"Wed, Nov 24, 2004",Dallas Mavericks,San Antonio Spurs,80,94,
2005,"Wed, Nov 24, 2004",Milwaukee Bucks,Phoenix Suns,104,111,
2005,"Wed, Nov 24, 2004",Chicago Bulls,Utah Jazz,101,99,
2005,"Thu, Nov 25, 2004",Minnesota Timberwolves,Indiana Pacers,102,106,
2005,"Thu, Nov 25, 2004",New Jersey Nets,Los Angeles Clippers,88,101,
2005,"Fri, Nov 26, 2004",Portland Trail Blazers,Dallas Mavericks,83,92,
2005,"Fri, Nov 26, 2004",Washington Wizards,Philadelphia 76ers,114,116,
2005,"Fri, Nov 26, 2004",Orlando Magic,Atlanta Hawks,117,99,
2005,"Fri, Nov 26, 2004",Cleveland Cavaliers,Boston Celtics,98,96,
2005,"Fri, Nov 26, 2004",Miami Heat,Detroit Pistons,77,78,
2005,"Fri, Nov 26, 2004",Charlotte Bobcats,Indiana Pacers,77,82,
2005,"Fri, Nov 26, 2004",Memphis Grizzlies,Minnesota Timberwolves,90,115,
2005,"Fri, Nov 26, 2004",San Antonio Spurs,Denver Nuggets,89,75,
2005,"Fri, Nov 26, 2004",New Orleans Hornets,Phoenix Suns,86,95,
2005,"Fri, Nov 26, 2004",Houston Rockets,Utah Jazz,80,90,
2005,"Fri, Nov 26, 2004",Los Angeles Clippers,Golden State Warriors,98,87,
2005,"Fri, Nov 26, 2004",Sacramento Kings,Los Angeles Lakers,109,106,
2005,"Fri, Nov 26, 2004",New Jersey Nets,Seattle SuperSonics,79,92,
2005,"Sat, Nov 27, 2004",Toronto Raptors,New York Knicks,102,108,
2005,"Sat, Nov 27, 2004",Atlanta Hawks,Charlotte Bobcats,92,107,
2005,"Sat, Nov 27, 2004",Philadelphia 76ers,Orlando Magic,99,105,
2005,"Sat, Nov 27, 2004",Chicago Bulls,Cleveland Cavaliers,74,96,
2005,"Sat, Nov 27, 2004",Dallas Mavericks,Memphis Grizzlies,98,85,
2005,"Sat, Nov 27, 2004",Denver Nuggets,Houston Rockets,82,76,
2005,"Sat, Nov 27, 2004",Utah Jazz,San Antonio Spurs,76,109,
2005,"Sat, Nov 27, 2004",Detroit Pistons,Milwaukee Bucks,90,96,
2005,"Sun, Nov 28, 2004",Washington Wizards,Toronto Raptors,114,109,
2005,"Sun, Nov 28, 2004",Golden State Warriors,Los Angeles Clippers,91,103,
2005,"Sun, Nov 28, 2004",Boston Celtics,Miami Heat,104,106,
2005,"Sun, Nov 28, 2004",New Jersey Nets,Portland Trail Blazers,71,83,
2005,"Sun, Nov 28, 2004",Minnesota Timberwolves,Sacramento Kings,121,110,
2005,"Sun, Nov 28, 2004",Indiana Pacers,Seattle SuperSonics,95,103,
2005,"Sun, Nov 28, 2004",New Orleans Hornets,Los Angeles Lakers,76,89,
2005,"Mon, Nov 29, 2004",Boston Celtics,Orlando Magic,117,101,
2005,"Mon, Nov 29, 2004",New Orleans Hornets,Denver Nuggets,67,76,
2005,"Mon, Nov 29, 2004",Cleveland Cavaliers,Los Angeles Clippers,82,94,
2005,"Tue, Nov 30, 2004",New York Knicks,Atlanta Hawks,110,109,
2005,"Tue, Nov 30, 2004",Toronto Raptors,Miami Heat,94,92,
2005,"Tue, Nov 30, 2004",Charlotte Bobcats,New Jersey Nets,86,99,
2005,"Tue, Nov 30, 2004",Sacramento Kings,Memphis Grizzlies,98,93,
2005,"Tue, Nov 30, 2004",Los Angeles Lakers,Milwaukee Bucks,95,90,
2005,"Tue, Nov 30, 2004",San Antonio Spurs,Dallas Mavericks,107,89,
2005,"Tue, Nov 30, 2004",Detroit Pistons,Houston Rockets,93,72,
2005,"Tue, Nov 30, 2004",Phoenix Suns,Utah Jazz,115,102,
2005,"Tue, Nov 30, 2004",Seattle SuperSonics,Portland Trail Blazers,94,100,
2010,"Tue, Oct 27, 2009",Boston Celtics,Cleveland Cavaliers,95,89,
2010,"Tue, Oct 27, 2009",Washington Wizards,Dallas Mavericks,102,91,
2010,"Tue, Oct 27, 2009",Houston Rockets,Portland Trail Blazers,87,96,
2010,"Tue, Oct 27, 2009",Los Angeles Clippers,Los Angeles Lakers,92,99,
2010,"Wed, Oct 28, 2009",Indiana Pacers,Atlanta Hawks,109,120,
2010,"Wed, Oct 28, 2009",Cleveland Cavaliers,Toronto Raptors,91,101,
2010,"Wed, Oct 28, 2009",Philadelphia 76ers,Orlando Magic,106,120,
2010,"Wed, Oct 28, 2009",Charlotte Bobcats,Boston Celtics,59,92,
2010,"Wed, Oct 28, 2009",New York Knicks,Miami Heat,93,115,
2010,"Wed, Oct 28, 2009",Sacramento Kings,Oklahoma City Thunder,89,102,
2010,"Wed, Oct 28, 2009",New Orleans Hornets,San Antonio Spurs,96,113,
2010,"Wed, Oct 28, 2009",New Jersey Nets,Minnesota Timberwolves,93,95,
2010,"Wed, Oct 28, 2009",Detroit Pistons,Memphis Grizzlies,96,74,
2010,"Wed, Oct 28, 2009",Phoenix Suns,Los Angeles Clippers,109,107,
2010,"Wed, Oct 28, 2009",Houston Rockets,Golden State Warriors,108,107,
2010,"Wed, Oct 28, 2009",Utah Jazz,Denver Nuggets,105,114,
2010,"Thu, Oct 29, 2009",San Antonio Spurs,Chicago Bulls,85,92,
2010,"Thu, Oct 29, 2009",Denver Nuggets,Portland Trail Blazers,97,94,
2010,"Fri, Oct 30, 2009",New York Knicks,Charlotte Bobcats,100,102,
2010,"Fri, Oct 30, 2009",Milwaukee Bucks,Philadelphia 76ers,86,99,
2010,"Fri, Oct 30, 2009",Washington Wizards,Atlanta Hawks,89,100,
2010,"Fri, Oct 30, 2009",Chicago Bulls,Boston Celtics,90,118,
2010,"Fri, Oct 30, 2009",Sacramento Kings,New Orleans Hornets,92,97,
2010,"Fri, Oct 30, 2009",Orlando Magic,New Jersey Nets,95,85,
2010,"Fri, Oct 30, 2009",Cleveland Cavaliers,Minnesota Timberwolves,104,87,
2010,"Fri, Oct 30, 2009",Toronto Raptors,Memphis Grizzlies,107,115,
2010,"Fri, Oct 30, 2009",Miami Heat,Indiana Pacers,96,83,
2010,"Fri, Oct 30, 2009",Oklahoma City Thunder,Detroit Pistons,91,83,
2010,"Fri, Oct 30, 2009",Los Angeles Clippers,Utah Jazz,98,111,
2010,"Fri, Oct 30, 2009",Golden State Warriors,Phoenix Suns,101,123,
2010,"Fri, Oct 30, 2009",Dallas Mavericks,Los Angeles Lakers,94,80,
2010,"Sat, Oct 31, 2009",New Jersey Nets,Washington Wizards,104,123,
2010,"Sat, Oct 31, 2009",Charlotte Bobcats,Cleveland Cavaliers,79,90,
2010,"Sat, Oct 31, 2009",Philadelphia 76ers,New York Knicks,141,127,
2010,"Sat, Oct 31, 2009",Portland Trail Blazers,Houston Rockets,107,111,
2010,"Sat, Oct 31, 2009",Detroit Pistons,Milwaukee Bucks,85,96,
2010,"Sat, Oct 31, 2009",Sacramento Kings,San Antonio Spurs,94,113,
2010,"Sat, Oct 31, 2009",Dallas Mavericks,Los Angeles Clippers,93,84,
